Recency,Frequency,Monetary,CustomerID,K_Cluster
317,1,77183.6,12346.0,Best Customers
258,18,323.3,14633.0,Best Customers
253,1,25.5,17102.0,Best Customers
314,8,244.20000000000002,17094.0,Best Customers
233,132,1052.41,14669.0,Best Customers
272,86,321.3,14670.0,Best Customers
226,49,672.94,14672.0,Best Customers
256,7,168.65,14693.0,Best Customers
305,51,449.3,17062.0,Best Customers
258,4,203.04000000000002,17060.0,Best Customers
266,10,268.58,14727.0,Best Customers
365,57,268.0,14729.0,Best Customers
241,18,328.2,14747.0,Best Customers
237,22,368.53000000000003,17035.0,Best Customers
289,4,79.0,14760.0,Best Customers
255,11,206.5,14762.0,Best Customers
224,37,745.66,14770.0,Best Customers
272,39,382.45,14779.0,Best Customers
311,6,200.10000000000002,14782.0,Best Customers
280,12,702.0,16997.0,Best Customers
254,5,82.24,14632.0,Best Customers
361,25,147.6,14813.0,Best Customers
280,6,92.8,17117.0,Best Customers
225,17,297.5,17120.0,Best Customers
303,18,528.61,14496.0,Best Customers
301,25,438.05,14497.0,Best Customers
230,15,579.0,17142.0,Best Customers
282,1,165.0,14520.0,Best Customers
239,14,417.37,17140.0,Best Customers
228,53,875.94,14532.0,Best Customers
251,16,168.4,14536.0,Best Customers
267,22,360.1,17138.0,Best Customers
303,51,270.13,14549.0,Best Customers
326,12,136.69,17128.0,Best Customers
272,25,205.21,14570.0,Best Customers
363,1,35.400000000000006,14576.0,Best Customers
268,3,40.2,14586.0,Best Customers
363,3,39.75,14589.0,Best Customers
365,24,201.79999999999998,14594.0,Best Customers
297,23,373.05,14600.0,Best Customers
266,1,509.99999999999994,14603.0,Best Customers
234,2,396.0,14616.0,Best Customers
237,18,374.28000000000003,14619.0,Best Customers
309,6,111.89999999999999,17118.0,Best Customers
276,9,148.6,17165.0,Best Customers
247,59,904.4300000000001,16980.0,Best Customers
259,2,251.51999999999998,16976.0,Best Customers
360,10,375.69000000000005,16858.0,Best Customers
258,56,233.49,15019.0,Best Customers
248,52,4959.1,15032.0,Best Customers
325,15,276.73,16850.0,Best Customers
261,19,309.3,15047.0,Best Customers
265,2,119.47,15049.0,Best Customers
311,24,200.4,15052.0,Best Customers
267,21,1386.8999999999999,15057.0,Best Customers
364,1,106.2,15070.0,Best Customers
251,30,650.71,16833.0,Best Customers
248,5,88.2,15083.0,Best Customers
273,11,193.66,15087.0,Best Customers
300,19,320.6,15090.0,Best Customers
325,3,876.0,15100.0,Best Customers
351,4,102.28,15101.0,Best Customers
352,14,469.15,16812.0,Best Customers
322,11,209.7,15107.0,Best Customers
237,27,478.35,15109.0,Best Customers
237,13,253.20000000000002,15119.0,Best Customers
358,39,138.08,16893.0,Best Customers
358,2,48.800000000000004,14821.0,Best Customers
291,37,289.78,16897.0,Best Customers
282,7,112.6,16913.0,Best Customers
259,4,62.85,14840.0,Best Customers
303,12,229.6,14850.0,Best Customers
253,12,317.05,14870.0,Best Customers
231,12,375.6,16957.0,Best Customers
244,18,364.8,14886.0,Best Customers
253,2,98.10000000000001,16948.0,Best Customers
328,7,102.30000000000001,14889.0,Best Customers
245,6,115.45,14890.0,Best Customers
227,14,272.08,16947.0,Best Customers
231,16,198.95,16933.0,Best Customers
268,4,139.85,16927.0,Best Customers
237,10,310.05,14924.0,Best Customers
363,14,230.25,16926.0,Best Customers
357,17,363.53,14932.0,Best Customers
289,9,1520.1599999999999,14935.0,Best Customers
244,9,55.65,14957.0,Best Customers
268,5,329.12,16917.0,Best Customers
262,5,126.7,14962.0,Best Customers
239,9,184.86,14964.0,Best Customers
238,6,88.2,14981.0,Best Customers
273,8,126.6,14483.0,Best Customers
281,7,148.15,17171.0,Best Customers
245,17,306.05,14479.0,Best Customers
258,7,152.55,14066.0,Best Customers
312,24,265.85,14068.0,Best Customers
245,17,388.45000000000005,17438.0,Best Customers
294,114,767.88,14081.0,Best Customers
356,25,153.7,14082.0,Best Customers
316,1,76.32000000000001,14090.0,Best Customers
305,24,272.34999999999997,17431.0,Best Customers
230,52,1056.41,14105.0,Best Customers
265,14,378.03,14114.0,Best Customers
311,59,422.99,14130.0,Best Customers
325,92,2058.11,17406.0,Best Customers
365,13,240.13,14142.0,Best Customers
225,3,157.2,14148.0,Best Customers
231,45,1267.1399999999999,14154.0,Best Customers
258,6,118.75,14155.0,Best Customers
298,42,361.65,17392.0,Best Customers
267,19,109.55,14165.0,Best Customers
289,31,576.9000000000001,14176.0,Best Customers
323,3,197.65,14185.0,Best Customers
258,6,122.39999999999999,14059.0,Best Customers
231,12,236.6,14206.0,Best Customers
302,1,15.299999999999999,17446.0,Best Customers
276,1,7.5,14046.0,Best Customers
255,30,911.9,13934.0,Best Customers
282,10,872.8,17526.0,Best Customers
351,9,422.70000000000005,17525.0,Best Customers
352,3,102.0,13948.0,Best Customers
353,6,145.0,17524.0,Best Customers
300,7,117.3,17517.0,Best Customers
300,27,559.7,13963.0,Best Customers
272,16,319.05,17508.0,Best Customers
279,10,254.2,13973.0,Best Customers
253,76,524.53,17507.0,Best Customers
281,19,368.9,17499.0,Best Customers
350,9,262.05,17496.0,Best Customers
269,10,315.2,14012.0,Best Customers
240,10,353.97,17492.0,Best Customers
253,21,373.83,17486.0,Best Customers
242,13,242.78,14023.0,Best Customers
276,32,570.73,14036.0,Best Customers
357,9,161.82,17456.0,Best Customers
258,12,119.3,14041.0,Best Customers
297,69,340.33,14048.0,Best Customers
230,19,106.75,17367.0,Best Customers
239,20,612.48,14220.0,Best Customers
231,25,260.0,17362.0,Best Customers
287,4,100.5,14371.0,Best Customers
350,3,66.35,14373.0,Best Customers
304,14,375.9,17239.0,Best Customers
288,6,132.2,14386.0,Best Customers
256,63,3443.96,17230.0,Best Customers
300,13,185.05,17226.0,Best Customers
302,45,411.2,17223.0,Best Customers
226,8,112.55,17217.0,Best Customers
302,14,1063.0,14411.0,Best Customers
354,18,93.55,14413.0,Best Customers
244,2,177.3,17212.0,Best Customers
294,17,470.36,14431.0,Best Customers
357,2,32.4,14437.0,Best Customers
298,7,114.9,14438.0,Best Customers
311,32,2661.24,14439.0,Best Customers
265,20,255.85,17194.0,Best Customers
302,3,108.6,14457.0,Best Customers
238,109,981.99,14465.0,Best Customers
249,15,170.65,14476.0,Best Customers
311,8,155.0,14368.0,Best Customers
357,9,153.8,14355.0,Best Customers
253,20,147.25,17250.0,Best Customers
354,36,272.15,17251.0,Best Customers
295,49,331.45,17358.0,Best Customers
303,9,132.65,17356.0,Best Customers
365,8,150.8,14237.0,Best Customers
318,7,126.05,14238.0,Best Customers
226,15,270.35,14242.0,Best Customers
347,16,191.9,17343.0,Best Customers
270,19,135.07,14247.0,Best Customers
310,6,282.3,14248.0,Best Customers
252,46,892.46,14256.0,Best Customers
357,47,343.15,16795.0,Best Customers
300,6,190.2,17334.0,Best Customers
272,6,96.8,17325.0,Best Customers
353,39,211.11,17303.0,Best Customers
273,12,307.4,16159.0,Best Customers
233,9,184.9,17278.0,Best Customers
234,16,265.62,14311.0,Best Customers
234,8,183.85,14326.0,Best Customers
234,13,299.56,14339.0,Best Customers
252,16,382.45,14348.0,Best Customers
266,13,238.41,14350.0,Best Customers
323,24,435.65000000000003,14270.0,Best Customers
272,7,103.0,17535.0,Best Customers
230,9,139.05,15135.0,Best Customers
274,9,96.4,16792.0,Best Customers
233,18,1007.75,15777.0,Best Customers
304,9,167.1,16403.0,Best Customers
350,9,129.7,15789.0,Best Customers
256,55,282.6,16402.0,Best Customers
261,29,144.87,16392.0,Best Customers
314,4,94.36,16387.0,Best Customers
298,197,3648.34,15808.0,Best Customers
239,15,275.35,16378.0,Best Customers
311,16,205.07999999999998,15820.0,Best Customers
351,13,406.75,15822.0,Best Customers
364,1,15.0,15823.0,Best Customers
324,7,133.5,16351.0,Best Customers
246,47,766.01,15832.0,Best Customers
295,8,118.95000000000002,15843.0,Best Customers
282,8,53.08,16349.0,Best Customers
276,20,109.95,16339.0,Best Customers
269,12,88.5,15869.0,Best Customers
361,83,301.48,15880.0,Best Customers
304,23,417.25,15881.0,Best Customers
294,3,74.2,16405.0,Best Customers
245,25,223.95000000000002,15894.0,Best Customers
237,6,94.7,15775.0,Best Customers
294,13,214.20000000000002,16425.0,Best Customers
269,15,143.5,16517.0,Best Customers
364,13,248.1,16510.0,Best Customers
288,13,363.7,16509.0,Best Customers
352,18,355.25,16499.0,Best Customers
328,2,816.0,15649.0,Best Customers
268,23,159.91,16495.0,Best Customers
235,28,497.77000000000004,15655.0,Best Customers
288,31,580.0699999999999,16494.0,Best Customers
309,2,290.0,15661.0,Best Customers
288,9,142.45000000000002,15670.0,Best Customers
266,9,162.75,16471.0,Best Customers
244,2,136.8,15691.0,Best Customers
258,21,396.06,15695.0,Best Customers
256,5,211.5,15703.0,Best Customers
275,4,90.81,15709.0,Best Customers
226,5,128.70000000000002,15717.0,Best Customers
356,34,180.9,15723.0,Best Customers
274,10,162.3,15733.0,Best Customers
255,8,240.22,16427.0,Best Customers
227,10,44534.3,15749.0,Best Customers
328,4,57.0,15607.0,Best Customers
360,3,42.65,15899.0,Best Customers
239,10,102.7,15917.0,Best Customers
289,1,122.39999999999999,16073.0,Best Customers
275,1,79.2,16078.0,Best Customers
291,30,406.73,16084.0,Best Customers
256,8,280.3,16096.0,Best Customers
232,10,185.04999999999998,16097.0,Best Customers
240,8,274.56,16105.0,Best Customers
310,116,816.8100000000001,16222.0,Best Customers
227,15,304.25,16217.0,Best Customers
259,33,885.05,16216.0,Best Customers
352,14,326.35,16202.0,Best Customers
228,15,275.09,16193.0,Best Customers
309,11,249.0,16124.0,Best Customers
359,12,278.85,16125.0,Best Customers
254,18,480.95,16135.0,Best Customers
241,22,380.0,16142.0,Best Customers
238,1,175.2,16144.0,Best Customers
288,1,76.32000000000001,16148.0,Best Customers
224,6,856.6,16163.0,Best Customers
260,29,1829.04,16152.0,Best Customers
280,22,577.6,16072.0,Best Customers
322,14,226.37,16315.0,Best Customers
357,50,301.54,16065.0,Best Customers
253,18,319.5,16250.0,Best Customers
260,15,244.8,16297.0,Best Customers
365,11,369.5,15922.0,Best Customers
364,16,87.2,15923.0,Best Customers
231,6,386.62,15935.0,Best Customers
303,1,35.8,15940.0,Best Customers
331,6,100.0,16282.0,Best Customers
268,6,325.1,15944.0,Best Customers
357,1,167.4,15945.0,Best Customers
277,21,364.77,15951.0,Best Customers
295,11,314.1,15970.0,Best Customers
358,4,307.82000000000005,15973.0,Best Customers
237,68,366.9,16010.0,Best Customers
252,62,595.5,16022.0,Best Customers
365,50,301.95,16274.0,Best Customers
301,19,229.35,16030.0,Best Customers
261,34,804.1,16037.0,Best Customers
345,41,988.84,16270.0,Best Customers
258,7,449.55,16256.0,Best Customers
365,7,251.40000000000003,16048.0,Best Customers
252,15,237.2,16063.0,Best Customers
247,27,455.13,15589.0,Best Customers
282,14,591.95,16546.0,Best Customers
234,13,326.09000000000003,16552.0,Best Customers
290,9,252.64999999999998,15236.0,Best Customers
363,1,1484.0,16754.0,Best Customers
230,30,472.75,15246.0,Best Customers
364,8,197.3,16752.0,Best Customers
289,1,3.75,16738.0,Best Customers
275,6,306.95,15257.0,Best Customers
356,32,228.47,16727.0,Best Customers
294,137,738.24,16725.0,Best Customers
254,30,258.87,16721.0,Best Customers
315,9,168.75,15262.0,Best Customers
361,31,512.5,16718.0,Best Customers
258,2,901.2,16716.0,Best Customers
330,6,119.3,15266.0,Best Customers
346,16,253.55,15279.0,Best Customers
282,27,533.22,15303.0,Best Customers
266,17,286.35,15308.0,Best Customers
233,20,111.8,16697.0,Best Customers
318,1,165.0,15316.0,Best Customers
275,7,126.2,15319.0,Best Customers
268,10,168.8,15234.0,Best Customers
248,2,1126.0,16692.0,Best Customers
231,13,324.90000000000003,15230.0,Best Customers
226,20,362.6,15225.0,Best Customers
232,20,509.5,15147.0,Best Customers
364,16,301.05,16781.0,Best Customers
349,3,151.2,15160.0,Best Customers
365,27,487.75,15165.0,Best Customers
312,35,154.5,15167.0,Best Customers
323,5,1289.5,15171.0,Best Customers
314,8,110.55,15174.0,Best Customers
252,2,32.0,15178.0,Best Customers
359,5,77.3,15180.0,Best Customers
252,40,380.39,16769.0,Best Customers
265,32,1084.4,16766.0,Best Customers
349,6,225.5,15204.0,Best Customers
286,1,34.0,16765.0,Best Customers
233,5,101.8,15212.0,Best Customers
310,17,250.35,15213.0,Best Customers
358,5,403.25,15221.0,Best Customers
310,4,513.0,15222.0,Best Customers
310,3,83.55000000000001,16757.0,Best Customers
350,13,308.88,15224.0,Best Customers
302,7,147.45,15226.0,Best Customers
325,11,170.29,15326.0,Best Customers
358,35,1661.06,15332.0,Best Customers
358,3,129.75,16679.0,Best Customers
322,7,134.57,15447.0,Best Customers
304,25,460.64,15448.0,Best Customers
354,22,171.35,15454.0,Best Customers
275,34,227.55,15456.0,Best Customers
254,50,228.82,15457.0,Best Customers
346,50,199.8,15460.0,Best Customers
330,144,1015.65,15464.0,Best Customers
277,10,145.04999999999998,16598.0,Best Customers
354,46,128.75,15503.0,Best Customers
224,12,214.95,16587.0,Best Customers
240,8,463.95,16586.0,Best Customers
322,1,250.0,15510.0,Best Customers
365,14,233.45,16583.0,Best Customers
225,16,198.54,15517.0,Best Customers
246,19,217.93,15528.0,Best Customers
280,19,102.2,15543.0,Best Customers
356,3,173.7,16565.0,Best Customers
269,12,196.8,15554.0,Best Customers
343,1,134.55,15562.0,Best Customers
256,4,93.1,15445.0,Best Customers
240,2,594.0,15442.0,Best Customers
254,36,187.68,15437.0,Best Customers
227,4,141.45,16617.0,Best Customers
354,9,135.39999999999998,16665.0,Best Customers
324,14,227.10000000000002,15346.0,Best Customers
358,5,201.60000000000002,15347.0,Best Customers
360,6,117.35,16658.0,Best Customers
365,5,115.65,15350.0,Best Customers
246,53,720.7,15353.0,Best Customers
353,6,408.72,15361.0,Best Customers
364,14,305.6,15363.0,Best Customers
237,21,399.19,16643.0,Best Customers
231,5,98.7,15139.0,Best Customers
262,7,109.74,15388.0,Best Customers
266,18,292.34000000000003,16625.0,Best Customers
281,6,94.0,15397.0,Best Customers
237,5,129.45,16623.0,Best Customers
252,4,88.8,16620.0,Best Customers
256,25,242.3,15408.0,Best Customers
255,11,194.53,16619.0,Best Customers
305,34,380.26,15415.0,Best Customers
315,5,87.5,15422.0,Best Customers
246,12,279.3,15424.0,Best Customers
317,7,107.45,15395.0,Best Customers
286,16,307.4,13932.0,Best Customers
300,1,550.8000000000001,17291.0,Best Customers
244,2,37.4,16162.0,Best Customers
358,1,590.0,13270.0,Best Customers
363,22,356.2,12725.0,Best Customers
314,71,485.64,17890.0,Best Customers
322,11,182.95,13284.0,Best Customers
303,76,425.4,17884.0,Best Customers
321,32,423.05,18106.0,Best Customers
246,16,260.8,18108.0,Best Customers
283,25,537.3000000000001,12707.0,Best Customers
351,10,201.20000000000002,13295.0,Best Customers
296,8,133.35000000000002,17881.0,Best Customers
360,1,76.32000000000001,18113.0,Best Customers
260,5,142.5,13299.0,Best Customers
356,21,395.08,17880.0,Best Customers
282,26,217.5,18114.0,Best Customers
359,22,147.4,18119.0,Best Customers
255,8,176.17000000000002,13262.0,Best Customers
343,16,253.5,13304.0,Best Customers
260,9,944.1,13261.0,Best Customers
226,21,353.35,12733.0,Best Customers
359,17,135.55,13173.0,Best Customers
259,1,71.4,13185.0,Best Customers
328,35,224.97,13187.0,Best Customers
324,2,93.6,12736.0,Best Customers
259,3,195.5,13216.0,Best Customers
364,1,244.08,17925.0,Best Customers
274,1,207.50000000000003,17923.0,Best Customers
307,30,580.4499999999999,12735.0,Best Customers
344,2,93.6,12734.0,Best Customers
232,62,825.33,13221.0,Best Customers
302,30,264.35,17912.0,Best Customers
265,12,90.4,13226.0,Best Customers
365,48,207.55,17908.0,Best Customers
239,10,68.35,17906.0,Best Customers
253,14,254.98,13239.0,Best Customers
304,12,406.65000000000003,18095.0,Best Customers
363,2,32.4,12686.0,Best Customers
318,16,171.85,12673.0,Best Customers
308,16,1298.3999999999999,13328.0,Best Customers
295,30,187.85,17843.0,Best Customers
253,16,287.65000000000003,17830.0,Best Customers
290,28,781.24,17829.0,Best Customers
234,113,1316.52,17827.0,Best Customers
247,38,201.26999999999998,13439.0,Best Customers
251,2,590.0,13452.0,Best Customers
268,13,269.7,17817.0,Best Customers
244,8,141.3,13462.0,Best Customers
230,19,348.1,12639.0,Best Customers
293,23,530.15,18159.0,Best Customers
228,41,191.97,13474.0,Best Customers
268,11,209.3,12623.0,Best Customers
273,14,225.9,17789.0,Best Customers
224,8,141.7,12622.0,Best Customers
269,20,315.6,12614.0,Best Customers
364,297,5391.21,17850.0,Best Customers
364,9,148.25,17855.0,Best Customers
225,9,1142.63,17856.0,Best Customers
296,18,110.10000000000001,17859.0,Best Customers
321,9,215.7,12672.0,Best Customers
252,38,734.45,13341.0,Best Customers
315,11,330.9,17862.0,Best Customers
279,20,389.5,13345.0,Best Customers
360,51,243.18,17860.0,Best Customers
316,2,45.0,12665.0,Best Customers
249,71,519.96,13357.0,Best Customers
363,4,64.14999999999999,12738.0,Best Customers
260,21,367.77,13358.0,Best Customers
357,12,282.6,13369.0,Best Customers
363,35,710.35,13370.0,Best Customers
323,37,694.9,12652.0,Best Customers
326,5,78.0,12651.0,Best Customers
235,14,112.55000000000001,18129.0,Best Customers
272,15,222.99,13382.0,Best Customers
321,27,466.77,13385.0,Best Customers
248,23,552.6,13368.0,Best Customers
275,36,372.9,13166.0,Best Customers
266,4,71.1,18086.0,Best Customers
305,8,112.75,13161.0,Best Customers
328,7,221.0,12829.0,Best Customers
298,19,108.07,12956.0,Best Customers
228,20,519.0,17990.0,Best Customers
349,17,1642.9,12967.0,Best Customers
280,15,302.45,18056.0,Best Customers
314,7,22.95,12970.0,Best Customers
253,10,981.8000000000001,12818.0,Best Customers
273,3,126.03999999999999,12817.0,Best Customers
357,8,136.05,17978.0,Best Customers
364,60,342.54,17976.0,Best Customers
234,21,328.14,12982.0,Best Customers
284,83,526.82,12988.0,Best Customers
233,25,129.45,17972.0,Best Customers
253,26,425.25,12811.0,Best Customers
281,1,101.69999999999999,18068.0,Best Customers
254,7,150.25,12831.0,Best Customers
351,4,65.9,18050.0,Best Customers
274,17,298.78000000000003,12834.0,Best Customers
280,23,462.95,12945.0,Best Customers
364,1,17.700000000000003,12855.0,Best Customers
275,23,486.02,12866.0,Best Customers
326,5,73.5,18032.0,Best Customers
318,56,545.87,12872.0,Best Customers
274,4,374.0,12873.0,Best Customers
228,44,823.09,12878.0,Best Customers
267,7,298.0,12881.0,Best Customers
310,7,120.94999999999999,13002.0,Best Customers
286,16,298.35,12852.0,Best Customers
259,24,352.03999999999996,12845.0,Best Customers
256,8,128.6,12902.0,Best Customers
248,11,167.7,18010.0,Best Customers
227,25,218.85,18009.0,Best Customers
354,36,162.78,18004.0,Best Customers
303,6,97.45,12929.0,Best Customers
273,1,23.6,17995.0,Best Customers
365,19,77.55,18011.0,Best Customers
224,10,177.68,13482.0,Best Customers
365,65,238.20000000000002,17968.0,Best Customers
315,11,205.35,13008.0,Best Customers
364,5,214.1,13108.0,Best Customers
365,12,458.4,18074.0,Best Customers
230,31,1123.2,12769.0,Best Customers
308,43,1670.48,12764.0,Best Customers
322,21,610.75,18085.0,Best Customers
230,1,30.599999999999998,13120.0,Best Customers
261,31,182.13,13121.0,Best Customers
232,45,808.63,13122.0,Best Customers
253,3,77.3,13132.0,Best Customers
265,7,109.8,13133.0,Best Customers
343,5,139.25,13922.0,Best Customers
272,4,3811.95,12755.0,Best Customers
324,3,110.95,13144.0,Best Customers
287,68,1212.82,13151.0,Best Customers
227,29,833.5,12754.0,Best Customers
237,1,1867.86,17940.0,Best Customers
226,6,59.85,13101.0,Best Customers
267,114,7017.71,13093.0,Best Customers
356,13,255.95,12785.0,Best Customers
364,3,50.550000000000004,13011.0,Best Customers
349,11,190.55,13033.0,Best Customers
249,25,453.0,18071.0,Best Customers
357,11,215.95,12797.0,Best Customers
265,11,447.3,13043.0,Best Customers
283,17,370.75,13044.0,Best Customers
326,18,418.98,12793.0,Best Customers
363,36,106.15,17967.0,Best Customers
241,8,183.4,13059.0,Best Customers
248,21,318.8,12792.0,Best Customers
365,13,200.82,13065.0,Best Customers
365,1,177.60000000000002,12791.0,Best Customers
258,7,177.15,13072.0,Best Customers
241,1,12.75,17956.0,Best Customers
282,46,424.01,13077.0,Best Customers
225,12,115.5,17946.0,Best Customers
245,14,297.33,13060.0,Best Customers
233,8,313.8,13484.0,Best Customers
287,8,152.65,18138.0,Best Customers
252,45,281.74,13736.0,Best Customers
295,4,69.3,12401.0,Best Customers
247,16,266.87,13803.0,Best Customers
272,3,90.6,12547.0,Best Customers
272,92,1013.51,13715.0,Best Customers
261,11,82.25,13716.0,Best Customers
238,11,296.55,13718.0,Best Customers
228,19,338.95,17697.0,Best Customers
241,12,241.25,18185.0,Best Customers
359,7,112.6,13807.0,Best Customers
297,12,155.05,13809.0,Best Customers
252,8,154.95,17698.0,Best Customers
329,8,290.7,12386.0,Best Customers
235,24,424.69,12447.0,Best Customers
244,24,417.95,17701.0,Best Customers
302,16,285.55,18250.0,Best Customers
248,20,322.6,13649.0,Best Customers
349,10,168.0,12551.0,Best Customers
302,15,477.35,12559.0,Best Customers
293,24,747.05,13819.0,Best Customers
269,21,115.85,17654.0,Best Customers
307,52,1348.2,12377.0,Best Customers
244,12,195.55,13626.0,Best Customers
365,1,79.6,13747.0,Best Customers
301,24,481.7,13800.0,Best Customers
258,41,738.25,13707.0,Best Customers
253,3,99.0,18191.0,Best Customers
345,12,243.3,12515.0,Best Customers
294,14,283.99,13706.0,Best Customers
263,39,207.44,13708.0,Best Customers
279,26,627.26,13753.0,Best Customers
310,1,99.5,13703.0,Best Customers
317,1,440.0,18233.0,Best Customers
225,20,407.44,13485.0,Best Customers
255,13,261.51,17678.0,Best Customers
304,55,194.95,17619.0,Best Customers
328,95,1549.1100000000001,12501.0,Best Customers
240,57,625.01,17618.0,Best Customers
350,18,280.20000000000005,17691.0,Best Customers
277,29,66.38,13684.0,Best Customers
224,20,70.95,12506.0,Best Customers
300,24,523.25,12410.0,Best Customers
276,3,133.0,12509.0,Best Customers
328,13,288.85,12489.0,Best Customers
318,30,228.98000000000002,18212.0,Best Customers
242,17,127.84,13781.0,Best Customers
359,5,198.6,13786.0,Best Customers
259,41,915.68,12514.0,Best Customers
293,6,186.39000000000001,13672.0,Best Customers
238,5,78.0,13712.0,Best Customers
315,10,195.6,12402.0,Best Customers
230,8,108.45,17601.0,Best Customers
228,21,161.78,17582.0,Best Customers
303,10,273.6,12373.0,Best Customers
283,21,636.34,12365.0,Best Customers
365,4,55.35,17643.0,Best Customers
224,48,918.02,12354.0,Best Customers
351,38,290.25,17551.0,Best Customers
269,10,180.60000000000002,18280.0,Best Customers
289,20,780.3,13893.0,Best Customers
302,13,255.3,12350.0,Best Customers
307,10,182.45000000000002,12574.0,Best Customers
238,16,304.9,12580.0,Best Customers
255,1,15.0,17763.0,Best Customers
230,13,249.72,12582.0,Best Customers
252,12,209.81,13512.0,Best Customers
244,29,196.87,17580.0,Best Customers
235,12,110.97,13508.0,Best Customers
279,47,1291.5,13501.0,Best Customers
317,8,132.05,13898.0,Best Customers
274,16,307.25,13497.0,Best Customers
225,5,103.3,17548.0,Best Customers
226,65,1468.36,12585.0,Best Customers
303,15,266.70000000000005,13494.0,Best Customers
267,5,394.95,13493.0,Best Customers
350,23,403.15,18176.0,Best Customers
309,18,294.45,12591.0,Best Customers
268,6,107.55,17639.0,Best Customers
261,16,133.7,17542.0,Best Customers
308,22,385.2,13506.0,Best Customers
358,7,124.05000000000001,12441.0,Best Customers
349,16,504.45,13874.0,Best Customers
280,8,140.88,12565.0,Best Customers
228,9,169.88,18213.0,Best Customers
234,8,185.65,17574.0,Best Customers
310,21,394.29,13615.0,Best Customers
235,29,126.48,13606.0,Best Customers
279,9,174.9,12361.0,Best Customers
304,9,125.9,13600.0,Best Customers
255,9,148.75,18224.0,Best Customers
312,10,153.0,17714.0,Best Customers
298,22,139.85,13584.0,Best Customers
358,6,148.2,18269.0,Best Customers
239,15,253.72,13863.0,Best Customers
318,22,173.36,13859.0,Best Customers
280,8,285.75,13751.0,Best Customers
224,5,118.95,17718.0,Best Customers
301,10,118.0,13581.0,Best Customers
324,28,330.7,17569.0,Best Customers
235,16,196.12,13570.0,Best Customers
364,17,293.77000000000004,17732.0,Best Customers
253,20,402.9,12564.0,Best Customers
311,4,91.80000000000001,13551.0,Best Customers
232,10,193.55,13740.0,Best Customers
294,10,176.45000000000002,12561.0,Best Customers
232,6,110.25,17746.0,Best Customers
177,6,136.8,18072.0,At Risk
211,2,32.7,16610.0,At Risk
106,64,3631.44,18073.0,At Risk
162,10,72.2,16247.0,At Risk
178,9,124.45,16611.0,At Risk
203,74,1320.55,16244.0,At Risk
189,30,210.12,16356.0,At Risk
184,122,2057.71,18231.0,At Risk
214,9,217.9,16634.0,At Risk
118,23,1009.5500000000001,16174.0,At Risk
130,8,197.9,16178.0,At Risk
146,17,68.75,18037.0,At Risk
195,4,157.34,18048.0,At Risk
92,139,10016.72,16180.0,At Risk
125,1,25.5,18268.0,At Risk
132,7,97.4,18262.0,At Risk
156,47,479.21000000000004,16200.0,At Risk
162,39,968.4300000000001,16214.0,At Risk
164,107,2277.92,18260.0,At Risk
165,22,604.0,18062.0,At Risk
125,7,814.0,18064.0,At Risk
114,33,640.2,18248.0,At Risk
195,7,241.20000000000002,16226.0,At Risk
217,4,282.90000000000003,16227.0,At Risk
141,67,1248.69,18245.0,At Risk
181,22,409.67,16230.0,At Risk
210,73,1420.81,18239.0,At Risk
209,5,93.75,18227.0,At Risk
174,22,443.79,16614.0,At Risk
92,21,553.1,16278.0,At Risk
168,2,46.95,16257.0,At Risk
197,2,2.9,16446.0,At Risk
120,81,348.72,16324.0,At Risk
127,30,147.25,16447.0,At Risk
188,1,207.50000000000003,16323.0,At Risk
206,17,111.15,18120.0,At Risk
190,19,183.69,16448.0,At Risk
141,25,571.26,18121.0,At Risk
189,36,663.29,16449.0,At Risk
164,38,840.1,16320.0,At Risk
141,8,277.92,16450.0,At Risk
209,3,404.40000000000003,16319.0,At Risk
210,8,161.56,16457.0,At Risk
111,52,1081.09,16317.0,At Risk
169,30,145.51999999999998,16461.0,At Risk
219,30,508.55,18183.0,At Risk
156,15,281.81,16473.0,At Risk
219,74,330.86,16442.0,At Risk
98,2,284.55,16429.0,At Risk
167,105,1043.26,18168.0,At Risk
169,4,269.1,18165.0,At Risk
146,74,1497.6,16398.0,At Risk
126,31,567.55,18151.0,At Risk
150,2,101.10000000000001,16344.0,At Risk
132,5,94.35000000000001,18146.0,At Risk
205,58,507.18,16431.0,At Risk
108,51,896.38,18143.0,At Risk
149,9,600.48,18142.0,At Risk
104,46,944.67,16419.0,At Risk
183,4,102.96000000000001,16424.0,At Risk
97,7,130.42000000000002,16641.0,At Risk
120,81,1412.35,18178.0,At Risk
149,10,199.2,16338.0,At Risk
99,70,404.12,16340.0,At Risk
184,19,139.35,16483.0,At Risk
165,22,373.5,16484.0,At Risk
98,27,586.25,16309.0,At Risk
168,6,810.6000000000001,16276.0,At Risk
156,3,339.3,16545.0,At Risk
100,196,1968.79,16550.0,At Risk
188,24,467.63,16275.0,At Risk
149,17,157.3,18203.0,At Risk
155,58,4168.14,16553.0,At Risk
211,28,870.25,16539.0,At Risk
112,28,1845.92,18093.0,At Risk
119,48,907.84,16572.0,At Risk
174,3,55.2,16581.0,At Risk
108,21,409.5,16272.0,At Risk
203,14,542.8,18218.0,At Risk
218,2,305.28000000000003,18220.0,At Risk
105,4,292.62,16582.0,At Risk
186,23,536.8,16567.0,At Risk
102,46,493.85,16536.0,At Risk
191,63,1352.51,18202.0,At Risk
182,28,453.85,16529.0,At Risk
205,30,517.35,16306.0,At Risk
130,18,326.9,16305.0,At Risk
118,8,170.1,16302.0,At Risk
119,9,129.97,18099.0,At Risk
199,53,983.16,16496.0,At Risk
184,13,259.5,18190.0,At Risk
153,12,92.49000000000001,16498.0,At Risk
113,14,275.77,16292.0,At Risk
161,5,102.9,16287.0,At Risk
98,79,1387.85,16503.0,At Risk
118,63,1738.16,18097.0,At Risk
178,134,918.91,16520.0,At Risk
157,12,215.20000000000002,18193.0,At Risk
163,13,263.16,16526.0,At Risk
97,20,131.18,18200.0,At Risk
209,25,308.83,18078.0,At Risk
199,14,276.53000000000003,16642.0,At Risk
169,3,76.5,17536.0,At Risk
169,31,521.86,16644.0,At Risk
179,34,257.6,17708.0,At Risk
196,8,161.25,17245.0,At Risk
177,3,50.400000000000006,17707.0,At Risk
112,46,232.41,17248.0,At Risk
160,27,794.35,17704.0,At Risk
108,69,288.29,17252.0,At Risk
99,14,221.7,17256.0,At Risk
140,99,465.44,17259.0,At Risk
200,16,58.29,17263.0,At Risk
161,7,137.45,17709.0,At Risk
130,84,447.09000000000003,17265.0,At Risk
123,19,533.5,17695.0,At Risk
119,33,305.6,17267.0,At Risk
99,4,487.15999999999997,17268.0,At Risk
219,63,1015.33,17277.0,At Risk
133,9,214.20000000000002,17694.0,At Risk
122,74,1312.47,17282.0,At Risk
129,10,151.15,17693.0,At Risk
93,19,342.46,17298.0,At Risk
119,32,565.8,17692.0,At Risk
139,17,113.06,17266.0,At Risk
130,9,570.75,17312.0,At Risk
100,36,1099.1,17242.0,At Risk
118,10,3276.4000000000005,17723.0,At Risk
171,32,284.65,17795.0,At Risk
177,23,276.49,17124.0,At Risk
144,173,828.91,17126.0,At Risk
144,123,1714.74,17787.0,At Risk
98,24,425.0,17134.0,At Risk
151,10,186.34,17781.0,At Risk
190,32,1036.6,17770.0,At Risk
150,53,354.13,17765.0,At Risk
97,34,743.18,17146.0,At Risk
174,10,130.9,17234.0,At Risk
186,12,1663.1,17152.0,At Risk
209,3,49.5,17174.0,At Risk
193,12,275.35,17176.0,At Risk
170,67,685.18,17179.0,At Risk
218,7,123.25,17187.0,At Risk
170,28,578.04,17749.0,At Risk
97,39,334.02,17189.0,At Risk
104,1,71.4,17747.0,At Risk
167,53,1494.96,17204.0,At Risk
105,15,355.11,17742.0,At Risk
168,6,141.3,17157.0,At Risk
92,57,1038.3,17320.0,At Risk
115,1,175.2,17331.0,At Risk
143,377,1729.17,17337.0,At Risk
205,39,1780.8300000000002,17597.0,At Risk
184,50,490.19,17454.0,At Risk
195,8,131.7,17455.0,At Risk
92,19,1122.72,17588.0,At Risk
101,100,620.9,17585.0,At Risk
118,16,1666.98,17457.0,At Risk
119,16,749.45,17584.0,At Risk
150,7,245.35000000000002,17464.0,At Risk
183,136,586.0,17472.0,At Risk
143,90,1891.22,17444.0,At Risk
129,14,253.9,17579.0,At Risk
212,15,252.0,17501.0,At Risk
198,94,2497.15,17504.0,At Risk
153,46,1069.52,17505.0,At Risk
120,27,169.61,17514.0,At Risk
197,5,147.4,17556.0,At Risk
130,34,611.14,17522.0,At Risk
121,2,1487.6,17553.0,At Risk
189,32,248.45,17550.0,At Risk
181,12,275.7,17531.0,At Risk
209,3,96.3,17578.0,At Risk
211,1,534.24,17443.0,At Risk
209,57,289.26,17604.0,At Risk
218,4,122.39999999999999,17436.0,At Risk
148,149,644.37,17341.0,At Risk
219,10,185.3,17670.0,At Risk
171,6,53.55,17349.0,At Risk
121,8,1740.0,17353.0,At Risk
133,31,168.73000000000002,17660.0,At Risk
130,47,815.09,17649.0,At Risk
211,49,977.7900000000001,17646.0,At Risk
210,28,495.77,17374.0,At Risk
191,44,265.99,17375.0,At Risk
155,3,508.8,17391.0,At Risk
111,28,608.23,17642.0,At Risk
211,3,48.349999999999994,17394.0,At Risk
129,26,389.7,17631.0,At Risk
106,30,567.14,17398.0,At Risk
118,170,1902.96,17400.0,At Risk
161,25,493.4,17630.0,At Risk
155,2,32.65,17408.0,At Risk
176,13,771.85,17409.0,At Risk
120,18,342.74,17429.0,At Risk
165,3,571.1999999999999,17616.0,At Risk
122,14,329.6,17615.0,At Risk
153,8,263.7,17123.0,At Risk
111,7,138.32,17122.0,At Risk
98,2,25.0,17844.0,At Risk
210,22,601.25,17849.0,At Risk
139,1,358.56000000000006,17948.0,At Risk
92,48,358.02,16780.0,At Risk
122,2,304.56,17941.0,At Risk
115,122,545.72,16788.0,At Risk
155,71,1550.53,16801.0,At Risk
165,68,314.4,16805.0,At Risk
95,87,767.92,16806.0,At Risk
134,48,908.33,16807.0,At Risk
151,8,95.81,17939.0,At Risk
210,16,385.7,17955.0,At Risk
184,13,290.84000000000003,16810.0,At Risk
104,7,113.5,16828.0,At Risk
130,19,127.17,17935.0,At Risk
148,8,168.72,16829.0,At Risk
176,11,191.35,16832.0,At Risk
125,54,372.01,17931.0,At Risk
219,16,319.98,16834.0,At Risk
120,10,180.85,16835.0,At Risk
189,23,568.69,16838.0,At Risk
92,48,1073.91,16842.0,At Risk
95,23,375.3,16816.0,At Risk
108,7,508.4599999999999,17958.0,At Risk
163,17,67.08,17960.0,At Risk
134,17,57.69,17962.0,At Risk
161,9,139.5,16647.0,At Risk
133,24,505.75,16654.0,At Risk
100,19,112.04,18018.0,At Risk
147,16,90.65,18013.0,At Risk
130,6,135.6,16668.0,At Risk
195,21,1951.7,18008.0,At Risk
127,10,657.9000000000001,16696.0,At Risk
113,71,586.4300000000001,17994.0,At Risk
218,5,1998.0,16698.0,At Risk
210,68,1017.34,16714.0,At Risk
217,5,93.35,17991.0,At Risk
177,5,79.95,17987.0,At Risk
137,26,128.65,17984.0,At Risk
157,23,652.1,17980.0,At Risk
168,11,271.59999999999997,16739.0,At Risk
202,20,346.55,17970.0,At Risk
106,139,1164.72,16755.0,At Risk
158,11,200.25,17969.0,At Risk
206,12,229.32,16756.0,At Risk
143,28,109.54,17966.0,At Risk
190,15,493.65,16763.0,At Risk
178,8,124.57,16849.0,At Risk
144,16,385.07,18024.0,At Risk
125,15,302.75,17926.0,At Risk
132,5,189.5,16866.0,At Risk
196,6,115.9,17871.0,At Risk
141,4,295.0,16998.0,At Risk
99,36,418.99,17869.0,At Risk
177,2,134.43,17026.0,At Risk
102,2,716.0,17029.0,At Risk
134,9,329.65,17866.0,At Risk
129,11,405.57,17040.0,At Risk
113,47,622.49,17042.0,At Risk
105,17,329.49,17045.0,At Risk
177,44,666.0600000000001,17874.0,At Risk
149,15,557.1,17046.0,At Risk
186,30,188.85,17051.0,At Risk
122,13,498.48,17053.0,At Risk
106,60,302.87,17070.0,At Risk
101,38,1262.68,17083.0,At Risk
115,173,1511.14,17085.0,At Risk
151,50,422.4,17105.0,At Risk
157,12,163.29999999999998,17110.0,At Risk
174,28,563.3,17115.0,At Risk
177,11,291.76,17854.0,At Risk
109,36,866.19,17048.0,At Risk
210,1,179.0,16990.0,At Risk
162,9,200.05,17877.0,At Risk
165,5,177.35999999999999,17879.0,At Risk
179,38,276.73,16883.0,At Risk
186,101,1307.1,16889.0,At Risk
108,40,1646.7,16902.0,At Risk
182,6,112.19999999999999,17900.0,At Risk
148,238,2256.48,16919.0,At Risk
151,22,103.46,17899.0,At Risk
164,91,530.23,17897.0,At Risk
217,8,50.51,17893.0,At Risk
153,5,10.5,17891.0,At Risk
172,186,1412.41,16938.0,At Risk
203,33,816.73,16943.0,At Risk
204,16,192.6,17889.0,At Risk
121,10,111.35,17887.0,At Risk
126,41,776.65,16951.0,At Risk
101,14,146.61,16952.0,At Risk
176,24,477.87,16955.0,At Risk
108,13,223.97,16961.0,At Risk
179,7,110.55000000000001,16963.0,At Risk
218,12,114.45,16965.0,At Risk
181,12,222.6,16967.0,At Risk
99,14,242.81,16968.0,At Risk
136,22,365.97,16859.0,At Risk
219,29,332.05,16823.0,At Risk
121,18,346.45,15342.0,At Risk
125,17,330.0,16147.0,At Risk
147,13,299.1,13699.0,At Risk
136,18,488.88,13705.0,At Risk
210,9,197.16,13711.0,At Risk
108,36,651.3,13720.0,At Risk
123,62,2059.41,13722.0,At Risk
209,6,199.85000000000002,13723.0,At Risk
127,29,611.24,13730.0,At Risk
211,35,579.39,13731.0,At Risk
192,29,335.34999999999997,13737.0,At Risk
154,3,45.0,13745.0,At Risk
116,52,835.8000000000001,13752.0,At Risk
143,8,202.2,13754.0,At Risk
210,6,237.6,13762.0,At Risk
174,2,21.0,13686.0,At Risk
95,9,178.7,13778.0,At Risk
119,7,1228.0,13791.0,At Risk
108,35,648.06,13799.0,At Risk
130,49,4403.58,13802.0,At Risk
175,11,742.5,13811.0,At Risk
136,51,358.46,13821.0,At Risk
168,8,163.1,13826.0,At Risk
151,27,382.9,13833.0,At Risk
203,16,235.3,13837.0,At Risk
109,108,468.33,13838.0,At Risk
121,74,1403.24,13850.0,At Risk
175,2,37.5,13856.0,At Risk
115,236,2684.06,13869.0,At Risk
111,20,363.24,13873.0,At Risk
162,8,30.48,13780.0,At Risk
181,27,500.2,13885.0,At Risk
179,3,59.5,13682.0,At Risk
141,54,269.66,13667.0,At Risk
125,21,558.42,13414.0,At Risk
197,10,236.0,13417.0,At Risk
141,6,138.85,13420.0,At Risk
100,55,1314.81,13425.0,At Risk
157,17,356.97999999999996,13453.0,At Risk
176,12,222.4,13466.0,At Risk
183,64,1199.7,13475.0,At Risk
170,55,1171.27,13476.0,At Risk
192,13,266.95,13479.0,At Risk
97,6,124.67999999999999,13489.0,At Risk
128,48,1250.0,13492.0,At Risk
118,10,205.1,13513.0,At Risk
197,22,483.8,13531.0,At Risk
143,19,424.86,13675.0,At Risk
174,57,226.29,13533.0,At Risk
136,69,1604.5,13564.0,At Risk
165,40,187.95,13568.0,At Risk
197,32,1374.0500000000002,13572.0,At Risk
147,29,523.41,13583.0,At Risk
100,116,1925.4,13593.0,At Risk
165,6,121.26,13618.0,At Risk
108,12,169.65,13621.0,At Risk
207,54,330.64,13642.0,At Risk
112,5,252.1,13645.0,At Risk
106,45,829.0,13655.0,At Risk
156,30,250.77,13656.0,At Risk
197,77,1310.8700000000001,13659.0,At Risk
171,9,150.75,13663.0,At Risk
207,10,127.31,13561.0,At Risk
99,18,213.55,13411.0,At Risk
196,15,304.07,13887.0,At Risk
174,32,638.39,13900.0,At Risk
135,3,90.0,14117.0,At Risk
114,38,663.75,14127.0,At Risk
121,20,474.0,14133.0,At Risk
125,7,115.8,14143.0,At Risk
212,23,383.62,14149.0,At Risk
207,103,1077.34,14161.0,At Risk
165,21,238.73,14162.0,At Risk
193,6,767.2,14195.0,At Risk
98,6,335.52,14196.0,At Risk
210,1,175.2,14199.0,At Risk
97,91,1803.6000000000001,14210.0,At Risk
169,25,458.13,14222.0,At Risk
102,98,960.68,14224.0,At Risk
146,17,205.45999999999998,14104.0,At Risk
175,46,888.11,14231.0,At Risk
211,87,1496.29,14245.0,At Risk
102,67,1333.9,14246.0,At Risk
133,5,120.0,14259.0,At Risk
146,17,333.97,14264.0,At Risk
101,22,425.78,14265.0,At Risk
154,49,1445.2,14267.0,At Risk
217,6,89.4,14271.0,At Risk
188,7,129.0,14280.0,At Risk
190,1,30.0,14287.0,At Risk
205,16,426.6,14288.0,At Risk
126,37,788.98,14289.0,At Risk
139,30,671.25,14293.0,At Risk
109,11,554.9399999999999,14301.0,At Risk
175,7,174.10000000000002,14241.0,At Risk
111,39,585.23,13888.0,At Risk
129,22,181.85,14100.0,At Risk
116,7,302.2,14079.0,At Risk
136,100,1723.25,13911.0,At Risk
161,9,842.65,13929.0,At Risk
101,23,608.7900000000001,13933.0,At Risk
171,16,293.2,13936.0,At Risk
161,6,115.05,13937.0,At Risk
193,6,469.34999999999997,13946.0,At Risk
168,31,584.13,13951.0,At Risk
209,113,2939.41,13952.0,At Risk
146,24,290.3,13955.0,At Risk
137,2,80.7,13967.0,At Risk
193,9,145.9,13972.0,At Risk
198,9,339.26,13976.0,At Risk
205,13,275.9,13990.0,At Risk
118,84,473.55,14083.0,At Risk
203,7,246.60000000000002,14000.0,At Risk
107,29,948.99,14006.0,At Risk
190,36,635.85,14009.0,At Risk
102,16,301.34,14013.0,At Risk
153,117,3726.69,14016.0,At Risk
147,22,631.9,14021.0,At Risk
217,14,287.06,14022.0,At Risk
113,15,307.3,14024.0,At Risk
168,28,147.20000000000002,14037.0,At Risk
101,6,1659.75,14045.0,At Risk
116,4,260.25,14053.0,At Risk
98,10,725.6400000000001,14055.0,At Risk
121,27,87.73,14076.0,At Risk
93,52,1018.06,14078.0,At Risk
126,15,256.65,14002.0,At Risk
204,8,207.85,13404.0,At Risk
119,20,468.95000000000005,13402.0,At Risk
184,19,374.0,13398.0,At Risk
120,14,2910.6,12643.0,At Risk
121,21,378.59,12644.0,At Risk
146,15,262.65,12648.0,At Risk
99,19,471.09000000000003,12649.0,At Risk
140,31,2022.33,12653.0,At Risk
142,68,2261.35,12669.0,At Risk
105,118,4045.61,12688.0,At Risk
197,15,335.01,12690.0,At Risk
118,31,677.55,12693.0,At Risk
98,14,222.7,12715.0,At Risk
125,25,429.26,12716.0,At Risk
143,42,732.7,12717.0,At Risk
105,21,379.85,12729.0,At Risk
107,8,132.7,12641.0,At Risk
171,8,197.86,12732.0,At Risk
120,12,244.38,12750.0,At Risk
108,67,2290.87,12758.0,At Risk
130,11,448.48,12763.0,At Risk
202,8,1073.05,12770.0,At Risk
141,66,1472.5500000000002,12782.0,At Risk
184,14,254.60000000000002,12790.0,At Risk
178,14,281.9,12802.0,At Risk
169,19,361.05,12809.0,At Risk
93,1,85.92,12814.0,At Risk
139,38,782.3000000000001,12815.0,At Risk
206,3,56.72,12821.0,At Risk
137,22,397.1,12833.0,At Risk
165,12,134.1,12837.0,At Risk
126,115,478.54,12743.0,At Risk
135,102,2599.25,12840.0,At Risk
203,45,1981.4,12625.0,At Risk
181,20,461.62,12601.0,At Risk
195,4,89.0,12353.0,At Risk
206,13,459.4,12355.0,At Risk
142,11,404.86,12358.0,At Risk
101,16,453.0,12363.0,At Risk
121,175,3404.12,12378.0,At Risk
176,56,1154.38,12383.0,At Risk
111,26,524.21,12399.0,At Risk
140,38,1166.71,12405.0,At Risk
209,11,374.85,12414.0,At Risk
104,22,555.0,12418.0,At Risk
92,62,1109.05,12423.0,At Risk
154,28,1741.0400000000002,12424.0,At Risk
186,27,498.03000000000003,12426.0,At Risk
98,25,465.85,12624.0,At Risk
148,6,177.72,12450.0,At Risk
146,28,593.0400000000001,12461.0,At Risk
179,28,568.6,12468.0,At Risk
157,20,385.86,12493.0,At Risk
126,14,740.5699999999999,12507.0,At Risk
134,27,768.67,12510.0,At Risk
104,19,407.75,12513.0,At Risk
134,32,508.34,12521.0,At Risk
122,47,829.52,12534.0,At Risk
158,4,67.19999999999999,12548.0,At Risk
135,53,1053.09,12560.0,At Risk
219,21,141.26,12573.0,At Risk
203,60,8550.46,12590.0,At Risk
100,20,382.09999999999997,12593.0,At Risk
126,34,613.49,12453.0,At Risk
126,74,1770.5,12853.0,At Risk
202,46,1106.4,12857.0,At Risk
177,83,1429.6200000000001,12868.0,At Risk
127,2,51.7,13194.0,At Risk
114,3,448.98,13217.0,At Risk
119,3,49.8,13218.0,At Risk
192,5,163.20000000000002,13223.0,At Risk
193,9,257.7,13227.0,At Risk
217,10,160.95,13229.0,At Risk
204,46,961.47,13235.0,At Risk
104,13,270.40000000000003,13242.0,At Risk
195,51,569.01,13243.0,At Risk
116,20,386.3,13248.0,At Risk
148,13,521.0,13253.0,At Risk
105,7,86.95,13273.0,At Risk
114,62,690.45,13280.0,At Risk
114,39,1104.85,13162.0,At Risk
147,35,341.46,13291.0,At Risk
129,3,66.4,13296.0,At Risk
161,17,330.85,13300.0,At Risk
95,71,536.63,13301.0,At Risk
146,1,63.75,13302.0,At Risk
112,1,15.0,13307.0,At Risk
142,17,456.66,13311.0,At Risk
149,14,410.1,13338.0,At Risk
192,47,789.2,13339.0,At Risk
169,17,334.85,13343.0,At Risk
114,30,625.4,13355.0,At Risk
123,31,636.42,13388.0,At Risk
195,1,59.8,13391.0,At Risk
177,14,245.7,13395.0,At Risk
181,46,790.34,13294.0,At Risk
100,42,408.77,13140.0,At Risk
130,21,426.72,13116.0,At Risk
125,1,76.5,13106.0,At Risk
206,5,354.12,12888.0,At Risk
196,4,216.5,12897.0,At Risk
140,21,353.25,12915.0,At Risk
130,97,2860.35,12916.0,At Risk
120,2,594.0,12917.0,At Risk
153,15,256.1,12922.0,At Risk
123,67,660.97,12942.0,At Risk
135,66,1312.15,12947.0,At Risk
165,38,676.5400000000001,12951.0,At Risk
105,10,163.1,12962.0,At Risk
104,5,135.95,12968.0,At Risk
189,8,144.8,12974.0,At Risk
203,14,681.9,12976.0,At Risk
148,3,34.95,12977.0,At Risk
149,20,7374.900000000001,12980.0,At Risk
112,36,594.35,12994.0,At Risk
188,16,309.0,12999.0,At Risk
98,23,456.37,13000.0,At Risk
97,5,140.55,13003.0,At Risk
165,25,503.3,13005.0,At Risk
130,38,768.27,13037.0,At Risk
204,12,270.85,13052.0,At Risk
183,10,286.5,13062.0,At Risk
184,9,228.8,13070.0,At Risk
121,22,919.61,13075.0,At Risk
171,1,17.4,13080.0,At Risk
118,57,1847.5700000000002,13082.0,At Risk
149,20,365.08000000000004,13085.0,At Risk
203,21,439.75,13092.0,At Risk
214,17,383.45,14304.0,At Risk
98,2,70.19999999999999,14314.0,At Risk
198,24,433.63,14320.0,At Risk
106,27,519.02,14323.0,At Risk
165,75,536.4,15535.0,At Risk
155,21,108.37,15537.0,At Risk
106,15,71.99000000000001,15541.0,At Risk
98,42,382.52,15550.0,At Risk
209,10,73.5,15552.0,At Risk
95,24,1352.03,15569.0,At Risk
169,139,642.67,15574.0,At Risk
143,31,253.9,15577.0,At Risk
154,11,126.0,15578.0,At Risk
112,126,3639.11,15581.0,At Risk
168,21,367.7,15585.0,At Risk
92,67,1287.49,15596.0,At Risk
176,16,298.48,15609.0,At Risk
147,7,121.0,15512.0,At Risk
133,17,280.55,15623.0,At Risk
95,49,1258.5,15625.0,At Risk
126,12,307.3,15639.0,At Risk
97,74,1422.24,15641.0,At Risk
183,30,636.4,15643.0,At Risk
158,168,682.78,15644.0,At Risk
149,22,344.8,15646.0,At Risk
196,24,636.95,15648.0,At Risk
107,1,17.4,15653.0,At Risk
182,48,1024.1000000000001,15658.0,At Risk
98,8,124.1,15663.0,At Risk
160,89,1790.8,15665.0,At Risk
209,1,76.32000000000001,15668.0,At Risk
109,8,142.75,15683.0,At Risk
108,29,544.65,15624.0,At Risk
111,9,254.1,15689.0,At Risk
181,83,944.9300000000001,15508.0,At Risk
153,53,169.81,15483.0,At Risk
92,64,1609.89,15260.0,At Risk
127,10,181.29999999999998,15261.0,At Risk
98,9,134.55,15263.0,At Risk
143,77,1442.76,15265.0,At Risk
164,5,35.05,15280.0,At Risk
193,22,164.8,15292.0,At Risk
102,1,52.0,15313.0,At Risk
191,14,226.45000000000002,15314.0,At Risk
95,15,61.57,15325.0,At Risk
200,15,1018.36,15333.0,At Risk
148,48,241.21,15334.0,At Risk
172,4,65.7,18281.0,At Risk
150,55,375.85,15349.0,At Risk
163,36,462.45,15507.0,At Risk
129,10,1061.0,15372.0,At Risk
161,151,3278.19,15379.0,At Risk
205,8,596.85,15381.0,At Risk
161,23,453.34999999999997,15384.0,At Risk
178,15,230.7,15386.0,At Risk
164,1,500.0,15389.0,At Risk
104,11,267.9,15396.0,At Risk
140,32,458.3,15402.0,At Risk
181,5,323.15999999999997,15405.0,At Risk
163,8,157.95,15412.0,At Risk
205,23,353.9,15433.0,At Risk
123,22,149.85,15438.0,At Risk
105,52,292.49,15472.0,At Risk
108,40,877.6,15480.0,At Risk
120,2,76.2,15374.0,At Risk
92,1,46.8,15690.0,At Risk
164,77,612.46,15700.0,At Risk
132,90,2127.11,15704.0,At Risk
146,44,136.04,15920.0,At Risk
164,22,296.55,15921.0,At Risk
186,10,186.75,15925.0,At Risk
104,17,394.62,15938.0,At Risk
125,11,307.2,15942.0,At Risk
157,82,369.21999999999997,15976.0,At Risk
115,21,756.62,15985.0,At Risk
203,5,80.76,16006.0,At Risk
129,9,356.82,16027.0,At Risk
188,17,360.7,16034.0,At Risk
169,18,312.73,16038.0,At Risk
133,5,2739.8,16041.0,At Risk
111,60,1102.0,16045.0,At Risk
182,35,313.53,15918.0,At Risk
165,5,90.5,16050.0,At Risk
212,8,134.8,16055.0,At Risk
92,23,1170.74,16083.0,At Risk
146,16,294.46000000000004,16091.0,At Risk
106,39,680.66,16092.0,At Risk
210,6,385.19999999999993,16109.0,At Risk
135,1,10.0,16112.0,At Risk
175,17,106.4,16113.0,At Risk
162,8,135.75000000000003,16114.0,At Risk
203,27,549.3,16116.0,At Risk
181,25,213.48,16117.0,At Risk
104,18,307.5,16122.0,At Risk
100,85,1876.06,16143.0,At Risk
149,24,671.73,16146.0,At Risk
137,63,727.2,16054.0,At Risk
170,14,241.02,15912.0,At Risk
165,6,186.89999999999998,15909.0,At Risk
168,98,480.71,15907.0,At Risk
193,6,143.1,15705.0,At Risk
135,16,326.34000000000003,15713.0,At Risk
137,91,829.88,15716.0,At Risk
193,11,218.25,15724.0,At Risk
204,5,85.0,15729.0,At Risk
204,11,254.1,15732.0,At Risk
106,23,1308.7900000000002,15734.0,At Risk
126,17,148.23,15746.0,At Risk
210,6,248.0,15759.0,At Risk
107,19,541.15,15768.0,At Risk
125,13,197.22,15776.0,At Risk
175,24,425.48,15780.0,At Risk
141,22,413.45,15795.0,At Risk
105,8,2207.4,15797.0,At Risk
99,77,617.03,15800.0,At Risk
134,1,451.42,15802.0,At Risk
99,30,1565.74,15812.0,At Risk
199,32,1217.75,15813.0,At Risk
164,13,497.3,15825.0,At Risk
178,16,152.05,15852.0,At Risk
128,64,574.73,15855.0,At Risk
104,75,530.73,15862.0,At Risk
93,40,194.99,15866.0,At Risk
190,16,480.96000000000004,15882.0,At Risk
148,74,401.71,15889.0,At Risk
218,34,343.95,15891.0,At Risk
141,8,158.17,15895.0,At Risk
186,17,89.06,15897.0,At Risk
218,58,942.7,15898.0,At Risk
160,33,613.2,15258.0,At Risk
134,6,105.0,16149.0,At Risk
140,5,91.65,15256.0,At Risk
114,5,345.59999999999997,15247.0,At Risk
177,5,103.25,14542.0,At Risk
142,4,652.8,14548.0,At Risk
143,38,140.97,14552.0,At Risk
102,4,1432.0,14566.0,At Risk
171,192,1554.14,14573.0,At Risk
136,133,591.42,14583.0,At Risk
160,94,1018.03,14584.0,At Risk
197,21,363.15000000000003,14620.0,At Risk
176,19,300.1,14622.0,At Risk
188,48,845.03,14625.0,At Risk
162,12,431.05,14643.0,At Risk
148,19,511.25,14645.0,At Risk
193,26,233.32,14647.0,At Risk
100,7,145.15,14523.0,At Risk
161,64,269.99,14656.0,At Risk
98,12,498.18,14687.0,At Risk
200,10,95.9,14689.0,At Risk
129,64,540.3,14692.0,At Risk
210,16,116.05,14697.0,At Risk
206,5,85.53,14699.0,At Risk
190,1,179.0,14705.0,At Risk
146,10,527.18,14708.0,At Risk
139,25,159.85,14722.0,At Risk
120,15,1081.75,14737.0,At Risk
188,76,1315.69,14740.0,At Risk
104,41,843.1,14745.0,At Risk
136,67,1425.92,14758.0,At Risk
104,48,830.05,14759.0,At Risk
109,14,123.14,14658.0,At Risk
104,8,128.86,14772.0,At Risk
198,9,264.7,14513.0,At Risk
175,9,241.13,14501.0,At Risk
155,12,311.65,14327.0,At Risk
116,24,422.1,14331.0,At Risk
153,27,540.4,14338.0,At Risk
210,5,124.5,14340.0,At Risk
119,57,731.5,14344.0,At Risk
112,43,823.4,14346.0,At Risk
156,1,51.0,14351.0,At Risk
149,41,983.5600000000001,14352.0,At Risk
207,5,86.69999999999999,14353.0,At Risk
100,59,3597.15,14364.0,At Risk
177,44,215.16,14375.0,At Risk
183,11,617.05,14377.0,At Risk
209,5,67.95,14393.0,At Risk
179,19,260.82,14512.0,At Risk
141,23,549.02,14400.0,At Risk
111,7,126.15,14406.0,At Risk
99,46,1780.31,14407.0,At Risk
210,2,244.79999999999998,14423.0,At Risk
196,53,1475.14,14442.0,At Risk
172,30,435.2,14450.0,At Risk
182,19,107.85,14453.0,At Risk
147,31,1723.52,14459.0,At Risk
102,4,129.6,14460.0,At Risk
140,160,2036.68,14461.0,At Risk
95,213,1632.64,14472.0,At Risk
156,19,431.19,14481.0,At Risk
199,23,380.8,14489.0,At Risk
167,15,320.65,14491.0,At Risk
122,19,1430.45,14403.0,At Risk
119,33,712.7,14778.0,At Risk
158,6,131.45000000000002,14795.0,At Risk
154,30,800.8499999999999,14803.0,At Risk
148,27,333.65,15053.0,At Risk
205,5,370.79999999999995,15063.0,At Risk
171,58,982.21,15069.0,At Risk
97,38,696.07,15074.0,At Risk
164,37,777.55,15076.0,At Risk
204,37,803.45,15079.0,At Risk
207,26,457.81,15092.0,At Risk
95,38,1033.4,15095.0,At Risk
174,3,39916.5,15098.0,At Risk
188,48,846.1,15104.0,At Risk
133,49,1053.65,15108.0,At Risk
125,13,266.9,15120.0,At Risk
106,68,1527.4,15122.0,At Risk
143,10,722.7,15045.0,At Risk
198,44,997.47,15123.0,At Risk
119,25,919.62,15133.0,At Risk
217,12,235.75,15143.0,At Risk
156,42,757.64,15146.0,At Risk
125,23,520.8000000000001,15149.0,At Risk
146,36,862.65,15157.0,At Risk
146,29,622.85,15182.0,At Risk
111,28,748.4,15192.0,At Risk
217,13,246.22,15210.0,At Risk
168,9,305.75,15219.0,At Risk
217,17,718.95,15223.0,At Risk
105,10,297.4,15232.0,At Risk
209,111,1942.83,15235.0,At Risk
125,65,2103.16,15245.0,At Risk
161,17,284.75,15130.0,At Risk
191,5,135.93,15042.0,At Risk
162,50,160.69,15041.0,At Risk
164,16,150.31,15016.0,At Risk
189,4,271.85,14816.0,At Risk
192,48,941.0,14817.0,At Risk
172,60,304.55,14823.0,At Risk
188,8,1193.44,14828.0,At Risk
140,13,309.4,14847.0,At Risk
111,13,516.45,14855.0,At Risk
177,32,659.88,14867.0,At Risk
95,36,278.81,14869.0,At Risk
170,62,354.75,14871.0,At Risk
202,27,509.48,14873.0,At Risk
99,42,1407.8400000000001,14875.0,At Risk
123,9,569.0,14885.0,At Risk
199,18,352.2,14888.0,At Risk
139,28,468.1,14891.0,At Risk
196,30,378.42,14896.0,At Risk
149,15,585.55,14905.0,At Risk
107,38,1546.91,14918.0,At Risk
204,49,870.87,14920.0,At Risk
100,106,2140.36,14930.0,At Risk
139,40,485.28,14958.0,At Risk
163,2,88.3,14960.0,At Risk
120,14,107.74,14972.0,At Risk
99,25,1234.29,14973.0,At Risk
190,61,206.79,14985.0,At Risk
203,34,314.18,14988.0,At Risk
162,52,344.59999999999997,14998.0,At Risk
107,94,1477.89,15002.0,At Risk
139,124,1124.9,15004.0,At Risk
151,12,156.91,15007.0,At Risk
119,13,224.52,15254.0,At Risk
118,5,79.65,18282.0,At Risk
